Atacante,Atacado,Probabilidad
3,2,0.362654320988
2,3,0.0184193887174
3,3,0.121988200478
4,3,0.327617666776
2,2,0.106095679012
4,2,0.655953999803
3,1,0.75424382716
4,1,0.916374635631
2,1,0.416666666667
